paper_id,community_id
paper_002d3c49df2f,1
paper_003397aa0c05,1
paper_004f5dc97ef3,9
paper_004fca214fd4,14
paper_00776bf0443f,226
paper_009940537138,1
paper_00c4dd66000a,11
paper_00c7bf8b2c6d,32
paper_00dbb21f0313,7
paper_00df1e57d1b5,2
paper_0102a0093533,439
paper_010c347aabba,77
paper_014083318ff7,2
paper_016a3ef6cb98,17
paper_016cf2f4c922,18
paper_016fc9d40713,1002
paper_0192389b99d5,4
paper_01ce5378d844,8
paper_01d6139435a1,257
paper_01f388b151a5,61
paper_02011a6031d2,624
paper_023e0927d909,5
paper_026a9c3e0384,0
paper_026cadf525b7,674
paper_026e1fdaf7e3,7
paper_02890b551eb6,417
paper_02f00a9f7a62,4
paper_030d426235a1,4
paper_0317e22d61c1,941
paper_032f951ceea4,5
paper_03c3b89ae1dc,7
paper_03d2b82d33bf,870
paper_0406784ce773,445
paper_0413b819e42a,976
paper_041ed5543f05,109
paper_0431c122c0cb,283
paper_0437029cb56d,9
paper_04552060ef51,1070
paper_045db5fbe0be,688
paper_04761ca72dda,10
paper_04cfb495918a,9
paper_04f50e026975,390
paper_04f7c9421edc,11
paper_050488965000,79
paper_05048a4b483f,649
paper_050ee555b2f1,5
paper_053777a52030,15
paper_054f35464f11,11
paper_055197d343ca,3
paper_055b88650b3d,14
paper_0586d5c36901,972
paper_05a04830cc3e,14
paper_05ae8daf3038,1026
paper_05b379d99a97,20
paper_05c40318c252,13
paper_05c495959e78,748
paper_05d576a4db4a,1034
paper_05e361912fc7,12
paper_05eee69ddffa,5
paper_0629e4ac2a2a,327
paper_062e27aa4c26,5
paper_064a0227590a,53
paper_064ab366af97,4
paper_0681201d9d64,3
paper_06c52cb051f0,4
paper_06cd7cc9fd5b,1087
paper_06d92662ee78,18
paper_06ff6c31dc63,7
paper_07066cd88506,5
paper_0732900238fb,591
paper_07345f26fb35,0
paper_075c9f8e10a3,4
paper_076985f21735,328
paper_07774c9a0bbb,12
paper_0779099b13b2,5
paper_0780dcf339fd,71
paper_07935940c2f2,1226
paper_07a9fc32ce11,18
paper_07cec833da4f,1
paper_07de12d41c60,628
paper_07e7e65bbe9d,10
paper_07f82ffc3426,2
paper_080e76fb6ead,255
paper_085cef80ea40,1050
paper_0881afe6e466,974
paper_08cf3b3d4e14,2
paper_08f77c55d05c,1
paper_093e36637577,19
paper_09503d2044d5,6
paper_0999a2ea6d64,10
paper_09a7885a3141,264
paper_09dd0dfe1df7,65
paper_09e1892dd5b4,4
paper_09eac21b0e9f,340
paper_09ebf5346c8d,509
paper_0a0bf77d8b6c,18
paper_0a31f203b6d4,0
paper_0a6660f84779,480
paper_0a86609cc348,962
paper_0ad49886e6e7,954
paper_0ad799ba8fc6,1090
paper_0ae58ceb210d,8
paper_0af3fd6046bb,4
paper_0af6d8916293,360
paper_0affa3795e02,687
paper_0b21c0526bf1,0
paper_0b8bd27985a6,1
paper_0b900e8ebdcb,400
paper_0b932455278a,21
paper_0b9f2ffd43ca,5
paper_0ba32cc3e56f,635
paper_0bab953769c5,1
paper_0bb2c62dd163,7
paper_0bf18f7f6036,12
paper_0c31df7c6608,1054
paper_0c3a8e1f5868,371
paper_0c4d2eb5784e,790
paper_0c65f2bf8359,1193
paper_0c721b83ee9b,517
paper_0c77dfc144d8,14
paper_0c8559534dfc,240
paper_0cd5b7fe640e,3
paper_0ce1c37631ce,485
paper_0cf3f5e5c8b4,4
paper_0cf6adf38baa,4
paper_0d1a8c382560,15
paper_0d1b5d3c264b,89
paper_0d25ab1e0a10,18
paper_0d2d011c3503,10
paper_0d3728f1e260,11
paper_0d37ae0bdcb1,36
paper_0d794857d8fe,18
paper_0d93cddc8e30,196
paper_0da866d0178e,453
paper_0da96d36802c,4
paper_0dbdda0bd792,180
paper_0dd89802790d,48
paper_0deb53dfa4f1,66
paper_0dfd492f8fb9,7
paper_0e0a1647b470,736
paper_0e17ca276274,20
paper_0e1b6628b0da,0
paper_0e1ebf914212,56
paper_0e2dfca6d749,15
paper_0e3fddb1ff84,4
paper_0e5da9e02da9,7
paper_0e7f747b1bd9,1151
paper_0e9650d4b08d,7
paper_0eb50c15a607,492
paper_0ebdc3b1b83a,4
paper_0ecf31c13701,567
paper_0ed869199825,0
paper_0edfb2b12ea0,337
paper_0eec07ac6ec0,1150
paper_0f05ca63dbe8,5
paper_0f197bc6feb2,3
paper_0f1c31351cad,640
paper_0f2a12d69461,199
paper_0f2b452995d8,1
paper_0f337d5b828d,204
paper_0f389accd72e,18
paper_0f43fa0361f6,1104
paper_0fa16783520b,1169
paper_0fa4379e9366,657
paper_0fc088c19808,9
paper_0fc56695b794,0
paper_0fcb94f13599,6
paper_0fd39ec239d4,20
paper_0fdf05f4b30c,0
paper_0fe1d7342768,3
paper_0fe670c20633,5
paper_0fee95b78706,7
paper_1011e9b641eb,0
paper_101989ff24b8,597
paper_1054bfe27d25,9
paper_10a77b45fdcf,1110
paper_10c3409868b4,11
paper_10d5b4ead7c5,5
paper_10d72f5b2b57,433
paper_10f03d176136,958
paper_1105d15a8bd8,867
paper_1142458d1253,5
paper_1149693c0bdd,14
paper_1198ec414705,79
paper_1199932190f2,901
paper_11a63aedb908,2
paper_11b26028bf5a,15
paper_11f75b00d329,4
paper_11fa386e466e,432
paper_1227f06cc606,2
paper_1239a8a1688c,11
paper_12677a8716a7,2
paper_12832b881f27,2
paper_1291fdc85994,393
paper_12b4ac7e062f,9
paper_12e890720ea6,5
paper_12eb6d44720f,508
paper_130d013117db,868
paper_13142626a067,10
paper_131b11741468,9
paper_1328e0801338,6
paper_134592bac54a,894
paper_135ab802bd89,953
paper_13709e71abaa,10
paper_13796bd76848,2
paper_13870296f141,10
paper_13b6e6085683,1047
paper_13c262b9241d,749
paper_13efd1e8b11f,9
paper_14097d986b32,519
paper_144bf88e3f78,1
paper_144f7bc12cca,13
paper_145b4b535fd2,834
paper_14742f715800,14
paper_147f6074b171,9
paper_1486d72e937b,3
paper_149f8f966b20,161
paper_14a4dd2dcb2a,814
paper_14f0dda80512,0
paper_14f40ff419da,680
paper_150021dce0e0,101
paper_153247dbd1f7,19
paper_153917d8e999,17
paper_154758068109,0
paper_158da272747c,5
paper_1599964acaa6,0
paper_15d6f8fcda10,320
paper_160503a46a72,19
paper_1615f7af8555,603
paper_1655c4e26bc3,552
paper_16911155166c,17
paper_169510b0f515,0
paper_16a94f3b419c,297
paper_16b2055aca75,720
paper_16b95360ef82,365
paper_16ce187d84ff,1189
paper_16f90555b097,8
paper_17103625e070,0
paper_177e546f8188,56
paper_178534c386d8,0
paper_1797334e46f2,1
paper_17a16fd36ec8,11
paper_17aa1ddb93d8,1144
paper_17fa60a483fa,2
paper_182cdf7ceb37,8
paper_182f532bc1f0,815
paper_183e943e57aa,278
paper_18428e975f93,54
paper_1842f8f07f05,352
paper_18444e03510b,2
paper_1845d7c0687e,8
paper_1849be59a4d8,3
paper_18a34c655bed,15
paper_18b6aab498be,742
paper_18bb4340136a,619
paper_18c493893e0f,655
paper_18e0b8f04f4a,112
paper_18e90ee2daba,15
paper_18f45d0a8e1e,1038
paper_1910013df408,841
paper_1911f037e355,9
paper_19196499e503,3
paper_193e913d88f5,1
paper_193f31f5dff7,964
paper_196a24a64718,185
paper_196b7b85e6ed,7
paper_19a0cef17d28,832
paper_19a9e5dc772a,18
paper_19b556370359,6
paper_19b763e8df76,6
paper_19c05b1b091d,192
paper_19cb23e4031a,250
paper_19d0b4645a2e,1171
paper_19d3b4acd199,4
paper_19d4e175d200,311
paper_19e16603b7a6,1121
paper_19e9799f939c,0
paper_1a03533b7ec4,1094
paper_1a1ca0b91a3d,3
paper_1a22109f8e58,1183
paper_1a24d0beb323,1106
paper_1a2a51786743,605
paper_1a339cefa1c6,15
paper_1a5581d31b34,761
paper_1a559f359321,106
paper_1a691953d8d0,690
paper_1a77e32e0c9c,21
paper_1aa7433701fc,1014
paper_1ab3aa462ebd,1197
paper_1aca10451008,1
paper_1ad8603852c5,13
paper_1ad93b766f6c,0
paper_1ae81ba577d6,458
paper_1af4f2c436d1,131
paper_1b03b8afb76c,171
paper_1b0feea93f8e,0
paper_1b1e41da2094,12
paper_1b1ea581ad16,63
paper_1b84b7f29a2f,3
paper_1bb64fcf5525,221
paper_1bd8ef2b65cf,219
paper_1be2118af06d,51
paper_1bffce9e4ac4,149
paper_1c076de4c0dc,1
paper_1c1eee765cd9,133
paper_1c20e731657b,1
paper_1c3eefdeb1c3,369
paper_1c4c38330483,7
paper_1c52e704f046,559
paper_1c5624e53109,33
paper_1c6e0df76c67,811
paper_1c715821248b,8
paper_1c9746c97609,62
paper_1c9bf450632a,989
paper_1caebb0adf66,15
paper_1d10e1c3ac8c,664
paper_1d73622bb640,4
paper_1d7ef6577e12,1103
paper_1d8d82845d78,741
paper_1d91c9d51278,0
paper_1dabad180807,1
paper_1dac17e6b76c,3
paper_1e010dd52404,32
paper_1e2b0761d341,4
paper_1e71ef5cb154,6
paper_1e7d495d5090,703
paper_1ed821e09fff,551
paper_1edf798bb824,26
paper_1ee6ecc821c3,30
paper_1f11b8cd2290,1097
paper_1f370a016a9e,3
paper_1f3801491e73,847
paper_1f65e28b9e4e,583
paper_1f6f34a76dd5,1017
paper_1f785d634104,72
paper_1f88928fd38a,827
paper_1fb94aafaec8,1
paper_1fdfe59e4339,781
paper_1ffa68dee0d6,127
paper_2002f9be40d0,19
paper_2003ba83cfa0,16
paper_2015618c396a,2
paper_2025b5ca7014,7
paper_204b439daff5,9
paper_20d17e79a977,358
paper_20df283017af,159
paper_20df5e4d973f,9
paper_20e429fb56c0,1058
paper_210a6ace9bd8,0
paper_214bdb0c00cb,2
paper_21533e5a8d90,304
paper_21539a0d3eb6,871
paper_216512dec5e6,922
paper_2177461687d2,26
paper_218336a4bb63,281
paper_218ef178fa09,8
paper_219c4351546a,1066
paper_21b9de6dab39,290
paper_21c963a83c40,0
paper_21d6876596cc,947
paper_21da8aa011cf,1098
paper_21e1d010bcd9,59
paper_21ec5bcdee53,560
paper_2221e58830c9,21
paper_225c9fa8d968,2
paper_2264c4bc760b,11
paper_22725d76c2e9,4
paper_22a7ecb2a3f7,0
paper_22ab9db71d9e,12
paper_22abc30ce493,103
paper_22ca7c8cdffa,4
paper_22cdce76e100,0
paper_23069bbe8fa8,262
paper_2396237c90cc,526
paper_23aea54a5430,0
paper_23af10a033d6,831
paper_23c6d60d5a5f,246
paper_23cc409d51be,1
paper_23d850009185,67
paper_23df99c06b15,316
paper_2410aef22a21,5
paper_243694d9a48d,802
paper_24731dfdcb7d,1
paper_24af566b42dd,473
paper_24b4af8fabc0,4
paper_24d228014b2d,498
paper_24db7c16e9ac,12
paper_24dbe33ddb88,921
paper_24dc5409318d,5
paper_24f9766c35f3,3
paper_2500eb2cecec,18
paper_25120978f4ae,6
paper_25122cb7ea97,232
paper_25299719ca63,10
paper_2541b52969be,12
paper_2549d7e51418,8
paper_254d08e62478,2
paper_2580a3658364,12
paper_258cb275990b,45
paper_25949a176749,252
paper_25c05eb964bc,242
paper_25c7975c7c5b,2
paper_25cf8e417e61,16
paper_26339c05bac8,15
paper_2635bcfaf7c2,0
paper_263a30a909f9,10
paper_264178131ab4,3
paper_2655dd9681a4,344
paper_265ac7cb27a1,2
paper_265da7343401,12
paper_26697e86f81e,423
paper_266b5dd85ce0,8
paper_2672c7e95443,18
paper_26764cbbe63f,18
paper_268df604dec2,88
paper_269bd32b63c3,876
paper_26a5172bc2d1,0
paper_26ae32f94829,7
paper_26b0200f1c2d,177
paper_26b8c26bd2eb,9
paper_26d3900773bc,1122
paper_26d936a09162,10
paper_26feb39918b0,779
paper_2703f7277d4a,10
paper_27156397af9a,6
paper_2726e04e7ea6,382
paper_27830cfdcd23,237
paper_27a63cf4e145,12
paper_27bada6ede05,356
paper_27c86c88ac17,0
paper_27df637f3107,1220
paper_27edebf456d1,684
paper_280ae6ab8798,511
paper_2841470576f2,859
paper_2848c1706ecc,1187
paper_28527e3165b8,612
paper_2856b27a8ddf,899
paper_287fe481e03f,8
paper_289a219eb999,1033
paper_28b375647c8f,756
paper_28b509d4b6b5,2
paper_28bc7286e31d,16
paper_28bd84f11de0,592
paper_28e31df24f02,516
paper_28f63dbda484,1011
paper_291cd5ceb821,1163
paper_2923389b89c6,57
paper_294dcea9121e,730
paper_297606294dcd,20
paper_297d3405e548,6
paper_29f9acd88e4a,3
paper_2a00f168b88a,3
paper_2a2f8940e7d6,3
paper_2a4069f20841,183
paper_2a700ac6551c,607
paper_2a8849fce91a,0
paper_2a8c021f6759,20
paper_2a99afbebcb5,681
paper_2ab40b83c304,74
paper_2ac0d2d11d59,42
paper_2ae99855bea4,17
paper_2afef638d628,543
paper_2b150530b27a,1199
paper_2b1dda5a818f,5
paper_2b3ed9ddb4ba,0
paper_2b5be38ab7d3,0
paper_2b741c9f698c,596
paper_2b91f7da0d68,1159
paper_2b91fbcfb672,1020
paper_2bb4d7721038,25
paper_2bc800414970,1212
paper_2bc8bccaead0,403
paper_2bd24fa17cc6,6
paper_2bfb4321c81a,451
paper_2c189f818aa6,143
paper_2c281754d86f,325
paper_2c32de892b2f,956
paper_2c32fa64feac,4
paper_2c38e7eb0431,13
paper_2c69975b5b6a,1
paper_2c8dd72dc9d2,753
paper_2c9c2c43d1d7,978
paper_2ca24e93c143,1
paper_2d18a693bc70,1076
paper_2d1fb25cd165,960
paper_2d5c1f12df7c,189
paper_2d6cb322c77e,502
paper_2d7487858ead,0
paper_2d7dd6f81233,18
paper_2d95565aedb5,23
paper_2d99939f73bf,1108
paper_2daa9b8d7245,17
paper_2dffb27d8cce,0
paper_2e03703e6eac,120
paper_2e0481056c93,245
paper_2e26fd311d83,7
paper_2e314764f2df,4
paper_2e5bd557c20f,343
paper_2e5ea3cbb75b,2
paper_2e6ee3561701,839
paper_2e7433c7b4df,13
paper_2e922797fca9,0
paper_2e97c322aa83,104
paper_2eaafcfa564a,625
paper_2ec10d173b2d,3
paper_2edb9ce3ab90,504
paper_2eebca9cb25a,0
paper_2eed86398c6d,15
paper_2ef021fb2188,977
paper_2efb714cc3de,6
paper_2f0bfcb58975,41
paper_2f0fd748502a,50
paper_2f1a30771130,3
paper_2f1e61a7d94f,95
paper_2f2ec51d27ef,819
paper_2f5038974e51,1041
paper_2f5298e02b4b,588
paper_2f530dd86f76,230
paper_2f7f4633e863,4
paper_2fb414ae8f47,12
paper_2fe6ff52e345,1142
paper_3016364b02ac,14
paper_3028fef409e3,1107
paper_30410b182e81,9
paper_30563bf42cbf,17
paper_30eb4f3dfe4c,1
paper_311fc40f8329,8
paper_31532ee53118,12
paper_317bd6c1130a,1
paper_318981d0c6f9,99
paper_3192ffe4cb5a,181
paper_31a02ef73189,38
paper_31c088eb6ae6,0
paper_31c18e53a16f,49
paper_31cd2fd977fc,0
paper_31eccbfbe869,56
paper_31f1da1076ec,11
paper_31f326f79e52,35
paper_322870d323a5,1043
paper_3239f2e6d5a3,93
paper_325ec5893ad2,44
paper_3270d4b32b82,292
paper_3276f79eba08,349
paper_328565bacdaf,19
paper_32a7e89d6802,6
paper_32dcac4d645f,893
paper_32e009cac678,906
paper_330e08a426b9,582
paper_33158366e768,931
paper_33221e6a0981,920
paper_3337d7a87326,1055
paper_334fa6b5c5ad,654
paper_336bcc3b8d3f,8
paper_337640d46e03,0
paper_3378523c6f2b,1168
paper_3388c0b8d7f6,15
paper_33cd6223040d,3
paper_33da49af01e5,966
paper_33de85c37655,1067
paper_3429defbcfba,546
paper_343a7d8fb2fe,1
paper_346a38a2e273,217
paper_346c30660437,1
paper_347367f4a3af,58
paper_34c8a8dfc317,168
paper_34fbd0b33590,210
paper_3535cee98da7,11
paper_355b7aecc03e,61
paper_3572c1878b09,288
paper_3595610c427e,586
paper_359f370d18d0,1126
paper_359fdb561450,542
paper_35a8b645bfcf,94
paper_35c00899e8c2,685
paper_35c5a140948a,1022
paper_35d0ab65068f,2
paper_35d7a780ec50,799
paper_35d7d1398ddd,5
paper_35e5c6a4ac2e,2
paper_363fe38570af,13
paper_364dd1df3bbd,3
paper_3660ae306051,683
paper_366dda1b4a53,419
paper_369e089113ee,90
paper_36e6a3048fad,672
paper_36f20609e175,671
paper_37176b37a114,3
paper_37844c9d58e2,1085
paper_37a05eb90d22,533
paper_37b4268fde63,738
paper_37baf9bcfa97,19
paper_37ce07399a83,3
paper_37e0c08cda7d,466
paper_37f980044cc6,1
paper_380f49c36171,1140
paper_3835277602cb,23
paper_383637644b26,6
paper_384b1f896289,1
paper_3875af110cdd,36
paper_3899146a32af,861
paper_38a7acfe9052,5
paper_38ad468e658e,167
paper_38c2e757e2d8,1081
paper_38d17f38d727,490
paper_38e33650e520,489
paper_3900cf8bb592,7
paper_390b9b66e0d6,577
paper_3916453078d8,1173
paper_395e8b194f5c,20
paper_396527c8921a,19
paper_396bbdb00a1c,707
paper_397a955e71b4,151
paper_399270e1d768,54
paper_39977f27f970,633
paper_39c919780a01,6
paper_39cbb858c182,1048
paper_39e13492ab12,545
paper_39ec047b8ad8,7
paper_39ee6b97301d,17
paper_3a561cbb4c1c,12
paper_3a5e7208a312,844
paper_3a74d4463bb1,254
paper_3a8a686614f0,1190
paper_3a9fd8b62f8d,16
paper_3aa97a226e84,1
paper_3aacaa0a47a2,364
paper_3aafff4bb418,6
paper_3abb51177f1c,2
paper_3ae504a54490,10
paper_3aeea699c394,1
paper_3b0b89481512,829
paper_3b22f77c63a5,979
paper_3b42d5101216,16
paper_3b64903b74e3,1112
paper_3b6535828f65,823
paper_3b975b7218b0,277
paper_3ba011219283,845
paper_3bc61ca886c8,940
paper_3bc9386dc951,0
paper_3bf412094e17,869
paper_3c0c2945e4f9,23
paper_3c3383d1aba8,12
paper_3c39274b6aac,0
paper_3c4e9029def1,1
paper_3c51980c893d,11
paper_3c71d88dd6b2,11
paper_3c7e7580088a,4
paper_3c87c3691ce4,1010
paper_3cd349f209ac,8
paper_3cd65a48a2a5,8
paper_3cd8ad3ecf24,63
paper_3cffd8e4b530,425
paper_3d10adffa51f,4
paper_3d784165a1b4,668
paper_3d84e898a47b,0
paper_3da441e1d67b,0
paper_3da9b99d9fb5,11
paper_3dbad985f6d1,2
paper_3dc694dd2e8c,626
paper_3dd09ef24e03,512
paper_3ddb6b7f7eb1,19
paper_3e188eee437d,401
paper_3e2300a995d3,59
paper_3e293ccca219,10
paper_3e2f92aacc5e,527
paper_3e584f5cfbe7,45
paper_3e99f9eaa98b,2
paper_3ef30857c0bf,11
paper_3efa4fec7bbe,454
paper_3f1488940949,587
paper_3f2eb1c1c235,11
paper_3f34cffb4229,714
paper_3f3b2ca003ed,5
paper_3f3f01c6cb60,891
paper_3f4b98890cb5,967
paper_3f559f38759b,7
paper_3f63ec1d7126,1064
paper_3f81bafa93b1,745
paper_3f8426f2e846,6
paper_3f95b517b02a,8
paper_3fb5b9fc273a,9
paper_3fd65661e181,303
paper_3fde27206147,1037
paper_3ff679ad0aaf,692
paper_4028c43bcd21,247
paper_4028fd994695,520
paper_405230b0cde9,8
paper_406c0a0d3d26,824
paper_406ccac46eb4,450
paper_4076e918f923,4
paper_4083df9fd2ea,15
paper_4097bfd57736,69
paper_40b5ded93c6b,1136
paper_40b7f1733d84,1
paper_40d68e41ba2e,4
paper_40dd0fe85965,229
paper_40fe5a5c4e43,51
paper_410ce0b447e6,0
paper_4112ba421ef7,1
paper_412f8a00aad3,38
paper_4135ab8dd735,641
paper_4146f111a575,0
paper_417088c099b8,233
paper_41827b22c581,8
paper_419d3f0a68a9,299
paper_41b0efcffdff,37
paper_41ce902a8999,949
paper_41e1b8682ae7,14
paper_41e90a8a19e0,435
paper_42109882e590,7
paper_42148e8ec6c5,75
paper_421673049a27,7
paper_42192981ebed,5
paper_421b39425c86,1006
paper_4244c5cd1811,9
paper_42535e0f2996,323
paper_4253a5bf6d64,1179
paper_425cbc3b1953,537
paper_425edadbd87c,679
paper_428c36563484,822
paper_429e286c89ff,14
paper_42cf9f4fdd8a,996
paper_42de9f56bff5,35
paper_42e043ac2fbe,9
paper_436684dc30cf,8
paper_43a52b7c57da,0
paper_43b99b1b3ac2,28
paper_43c1f2250722,2
paper_43dd88c32466,19
paper_442b5a918680,105
paper_442c6eb408d1,667
paper_444b33f3d09a,472
paper_44631d5be4d4,4
paper_446f0fcbb181,1
paper_4472acb63aa1,2
paper_44843390ff70,5
paper_44ac416efd0e,515
paper_44c76897ae8f,728
paper_44ca30ea8f79,0
paper_44d04faaa528,13
paper_44dfa74f9ced,938
paper_44dfb91ec7a6,737
paper_44e971ab2ddd,10
paper_44eba3c05124,3
paper_44f354d508c0,1
paper_45009b453c9a,265
paper_450cf3ad8aa7,1
paper_45271d5a8da3,333
paper_452bc31c96c9,6
paper_45333e558476,21
paper_4539ca28d5a5,7
paper_4553769ad15b,986
paper_458ab367ab8c,11
paper_45d66ef4951b,128
paper_45f63b2888b7,969
paper_4606c2fe14f7,284
paper_46120dda5b61,1
paper_46388d37f1f4,1213
paper_465a0943aa8b,1102
paper_465b906ae196,3
paper_46713a607c6d,7
paper_4674693c2fda,1023
paper_46897fdbfb8c,50
paper_46cc9b370134,2
paper_46df5bf0f795,4
paper_46e0757cf217,911
paper_46eb9646a2d1,13
paper_46fba7c83391,8
paper_47030af37ed4,535
paper_47038233e31d,19
paper_47113106a264,541
paper_47296abb35d5,16
paper_472a17b171a0,4
paper_47531db87836,10
paper_475a65570e83,968
paper_475b4a6b2f0d,999
paper_4764e93ed17c,366
paper_47ae2a433688,1
paper_47dcea3d2485,8
paper_47fe7f95aaf2,1218
paper_48234afb616a,17
paper_48657584760a,1074
paper_486d6ab15e42,83
paper_486dfe95b41b,615
paper_487b41c611d6,10
paper_48a202fb6951,39
paper_48a666f043b3,3
paper_48b4c6f9246c,2
paper_48f0c1d012ab,936
paper_490108a3e5e7,38
paper_491a01519e53,4
paper_49259d80c26f,1057
paper_49497d2a87c0,8
paper_494e850adf56,10
paper_4951c3e4e717,9
paper_49650b1a2fe9,1175
paper_496eae8b2471,2
paper_496efd7dd33f,11
paper_497793193611,13
paper_4986bdc71ba0,1224
paper_49888f112647,5
paper_49a3333c7431,11
paper_49afbaa4b711,1
paper_49b26ce08fb5,7
paper_49c4946c5dee,223
paper_49e149ad6f9f,12
paper_49e318984798,0
paper_49e53b8a2384,1200
paper_49eafc8a02bf,13
paper_4a145d5e3e0a,1
paper_4a1c9b632567,7
paper_4a21b281e343,2
paper_4a24fcd9e95b,4
paper_4a3ba66b6350,525
paper_4a5155c0f174,5
paper_4a660009f9ee,24
paper_4a846f589cc5,564
paper_4a949da4848b,837
paper_4a9589698367,653
paper_4aa9d04d30c0,46
paper_4ad1310f510a,1
paper_4af322c46725,866
paper_4af9530a687f,6
paper_4b055e909a45,778
paper_4b06d6d4b146,4
paper_4b112595e2a9,76
paper_4b2d65b21f99,13
paper_4b3894b651cc,0
paper_4b5497653a9a,7
paper_4b5f39b89177,721
paper_4b6cf84beab2,16
paper_4b6e175ca1a3,10
paper_4ba0384fd8a6,599
paper_4bda01daf0fa,1119
paper_4be5bf3c8eb7,26
paper_4be95d409417,13
paper_4c1eb70de045,5
paper_4c40af79b44a,338
paper_4c49d1ff83c2,937
paper_4c4b443d2aa8,5
paper_4c5d42ffc5e3,441
paper_4cc2bf1dfbf8,1132
paper_4ccd3dffa6ff,5
paper_4cd029bc39fd,17
paper_4cf443585e36,191
paper_4d63bbcb8c2e,792
paper_4e0b84284947,2
paper_4e275146559e,10
paper_4e2873de83f0,96
paper_4e5e0fbfbd47,6
paper_4e736bae767e,389
paper_4e7b145f3fdd,13
paper_4e8b54ed666a,8
paper_4ec8a05cfd16,4
paper_4eea9ee86b7e,9
paper_4f185144bbcb,857
paper_4f2b592b5bf9,558
paper_4f497c19f56a,9
paper_4f4adbd6e184,1
paper_4f5b93609785,772
paper_4f5e09337b48,100
paper_4f80ddef4f02,0
paper_4f8b94dcfab5,388
paper_4f9a6009eb81,37
paper_4f9e28c45c9b,6
paper_4fcd84c7ff4a,13
paper_4fddfc6ad7a6,85
paper_4fede7c0665b,722
paper_5008479798d6,269
paper_500873de1509,1
paper_5009f34be196,18
paper_501958a2311b,13
paper_501d6d375155,1019
paper_502f23f50d1a,961
paper_5032607adf7f,5
paper_5079a4136b0e,608
paper_507af0b35a73,10
paper_50899b5e216a,942
paper_50a84580123b,1096
paper_50fe225ce4e4,126
paper_514a6be744ac,0
paper_5178cab33fea,10
paper_51ac367db712,0
paper_51acdbefc54c,13
paper_51c02ddecd91,705
paper_522aaf743476,11
paper_522c428460ba,7
paper_52462cc0e594,13
paper_524f67c12f46,580
paper_5262b4ff2f2c,858
paper_52748dc5da61,896
paper_52778da9ce70,639
paper_527f52972bd5,6
paper_5324fe3a5f75,1
paper_5326aed8c44a,9
paper_53327e23a1a7,15
paper_53b42ce567e3,917
paper_53de5c4a965a,339
paper_53eb9bb58044,1
paper_54025a67b989,11
paper_54131c16a328,206
paper_5417d19cfa6f,5
paper_5427abd38eef,142
paper_542fc6871139,350
paper_5484d8d32fc1,51
paper_548d10562a31,0
paper_549017e6b114,2
paper_54a574aa39b9,0
paper_54af1c75fa7b,807
paper_54b7b7c01b22,8
paper_54b921b2c8a2,14
paper_54bf122053b2,636
paper_54c32e36fa46,5
paper_54d270127b7e,4
paper_54dc5758d468,12
paper_5501e8d0f8ac,413
paper_55033c20ff9d,7
paper_550a4cccc64c,6
paper_552570f20749,3
paper_552dfc0e51fc,84
paper_552fa52a78c2,2
paper_557e129c1c4a,1194
paper_55a58ef45d81,10
paper_55ac8577698e,5
paper_55cb46b0dad3,0
paper_55d60bef8f1f,14
paper_55d71f4c524f,17
paper_55e367df9df2,531
paper_55e36c4ac6a8,27
paper_55ec50249988,873
paper_5600393ee6d4,347
paper_56213f65a852,6
paper_56409911dbbd,34
paper_56695659f124,13
paper_56b08f7b3112,19
paper_56c7405e7475,20
paper_56ccdf6c0297,913
paper_56efcbddee6e,528
paper_56f10e0be887,813
paper_56f7a9d5b055,638
paper_571281656d3d,6
paper_572503bc64f1,573
paper_572908fa7f73,855
paper_5739c1eea068,3
paper_573c892ff566,993
paper_574a0fff187e,833
paper_575677c66a22,24
paper_577571dd043f,14
paper_579f1d14a9dd,898
paper_57b338223188,486
paper_57c65aafd09f,17
paper_57c906831f77,7
paper_57f6f413e0d5,329
paper_58254f02c090,4
paper_58549512e7ba,322
paper_5872ec489397,145
paper_58ade39b6735,10
paper_58ceea3ee545,8
paper_58d7e2f227ac,1139
paper_58e559e08f4a,503
paper_58f209d0c9f3,70
paper_59078801ddc9,3
paper_59083c08334e,9
paper_592789b47f7b,1
paper_593ce8c8b61c,766
paper_594ac76b95dc,8
paper_596361a40484,363
paper_597dfdbf7573,136
paper_59ad6ed590a9,2
paper_59b330b33f68,746
paper_59b41f4c81db,8
paper_59bac4da8336,15
paper_59c57f8f2e75,164
paper_59c90711881a,1131
paper_5a05d4614f04,14
paper_5a2ea3b9b15d,1
paper_5a364877eafc,1
paper_5a3e38a6a6e3,341
paper_5a6eb140442b,93
paper_5a7fbe2d9cd4,8
paper_5ac3642ca3a3,1145
paper_5adef7cc3627,89
paper_5b155795f991,2
paper_5b163fa820cf,36
paper_5b3ff7f6fea1,47
paper_5b4f6b22d9cd,946
paper_5bb737d16965,18
paper_5bb74f725f16,1
paper_5bd1c04b7873,12
paper_5bf8604e3f6c,6
paper_5c09170608b0,774
paper_5c3c048a950a,368
paper_5c520eb24b83,3
paper_5c59446fdcbd,1024
paper_5c7af43031a8,6
paper_5c877d373ff8,10
paper_5c881a23a892,1167
paper_5cd9db90e899,1073
paper_5cef2d4a0981,856
paper_5cf46cacb211,201
paper_5d22cb6fb1fc,0
paper_5d3b52d3d60e,16
paper_5d6a57851ad6,1093
paper_5d6b3e6c62dd,465
paper_5d92fc0ea7fa,1138
paper_5dc9bf992aa4,306
paper_5debe4bf2f59,9
paper_5e092805dbcc,689
paper_5e3284308bc9,13
paper_5e4e42447040,34
paper_5e7c0445913e,713
paper_5ea569a051d1,6
paper_5eaedc82ee51,1
paper_5ec029e20a7f,49
paper_5ec24e4376a8,1092
paper_5f0cb0f64bdc,404
paper_5f0fc0d298ab,806
paper_5f103df45c49,17
paper_5f1bfb159fe7,1155
paper_5f29d66ec36e,10
paper_5f4ec9cb9216,990
paper_5f4f0be78d0b,1101
paper_5fb87e34bdb0,0
paper_5fbdfa59b7d5,98
paper_601c109a0b12,7
paper_601faa2c841c,7
paper_60276a2d6d2e,7
paper_6055343c39b6,10
paper_6065568744bd,6
paper_606a032a9166,2
paper_60887d1794ec,37
paper_60932de4d57c,4
paper_60afeb7edaf6,755
paper_60b3bdfdf643,2
paper_60cc18835f8b,1
paper_60e14d3e75ee,17
paper_60e28c17cf0e,984
paper_60e3a2318840,1016
paper_60ec38c7d5e3,991
paper_60ee2757186b,37
paper_60f1e6bffbed,1
paper_60f6a96e5ab1,3
paper_60ff33b29382,0
paper_6106e24b9d71,1176
paper_6109d36d6f71,8
paper_610cab5fd6bf,64
paper_61139ce5651c,0
paper_61183466b26a,595
paper_6128984273e0,1
paper_6155efe4a38a,3
paper_6183d42a2131,18
paper_619724479f05,414
paper_61c2ea40528f,7
paper_61db8b648431,5
paper_61e4c3c6ed85,4
paper_61fc428bcd20,3
paper_6200497f9032,9
paper_623f72bc0bb5,14
paper_625f70329f62,0
paper_62726e00eca3,2
paper_62970d44aafe,5
paper_629a2386fe3f,5
paper_62a620e0865b,193
paper_62bc1da72033,169
paper_62c8bf5e60c1,1227
paper_62d45d0705b2,200
paper_62da3bf3e0ec,2
paper_62e5f9df11b2,506
paper_62e6818edaa8,19
paper_6307e9a14297,1146
paper_632d417f323f,43
paper_6339d04fc253,462
paper_636b5f71b58b,0
paper_63985bb035e6,1
paper_63a23f961f7d,7
paper_63ac253d9d24,16
paper_63bb178ccc4d,501
paper_63bbc409759a,13
paper_63d42b460c03,675
paper_63edfcf2c7f1,152
paper_641b029653ad,2
paper_642cc0af70b1,31
paper_64662b7b5b1d,1032
paper_646f525df557,222
paper_64b53d2b6154,1063
paper_64b994a676b5,0
paper_64ce1e960a7d,20
paper_64d54eb22cfe,497
paper_64e7e85917c9,11
paper_64e9e6de9c99,5
paper_653ce486d05f,24
paper_657b54438aca,5
paper_659295fe2b0e,514
paper_65cbf57dba6b,10
paper_65d324d3053d,457
paper_65f05749f252,54
paper_66082db2510e,970
paper_6613462f1709,10
paper_664deeae99a3,28
paper_665f6642c0f9,15
paper_66709548fc0e,0
paper_668595c8a2d2,9
paper_669607b0a008,25
paper_6696a8cf888e,0
paper_66cc3d1acbb2,6
paper_66d5a55f7d35,1
paper_66fe2c249eca,477
paper_674af8df5533,141
paper_6768e61d1354,7
paper_67ab047bcfc6,7
paper_67ac3e46ac52,3
paper_67b831e6d30b,2
paper_67b8daed0d39,15
paper_68204312af65,578
paper_68284fc78351,73
paper_68297cc69f45,0
paper_6834c679242a,29
paper_684d94c3b773,881
paper_6871c9df9d12,7
paper_6888c8a1a4a8,1111
paper_68a893abaea0,7
paper_68d0093cc423,398
paper_68d8708f6e87,129
paper_68ff21ba9cfa,3
paper_6903fad71479,3
paper_696cff87738d,7
paper_697177e7806d,1
paper_6993e4c43834,973
paper_69c5e3d12c23,123
paper_69f74b17b77f,21
paper_69f806a698ad,354
paper_69fd535c7b47,2
paper_6a1031573ab9,8
paper_6a34b3e4f4e9,7
paper_6a69dda6887e,456
paper_6a6ec70b920b,632
paper_6a8402e2d24d,771
paper_6aaecfc83bf5,3
paper_6aba6020f191,11
paper_6ac8176b9910,6
paper_6afcc7665761,1161
paper_6b1ae0a39330,385
paper_6b1f2cff9eee,1
paper_6b2745818a7c,570
paper_6b49531c1983,1056
paper_6b4fad61f59c,9
paper_6b57e7a2df6e,469
paper_6b59dc9bd54f,6
paper_6b600df15a09,3
paper_6b672a956719,2
paper_6b7234a2d743,3
paper_6b779235bd57,507
paper_6b8411802fe7,594
paper_6b8853acd844,132
paper_6b8c64511e0f,22
paper_6bbf137d1b2e,935
paper_6bcc3485f63e,1
paper_6be24a707199,836
paper_6bf1df24a2ea,12
paper_6c060d02e7af,488
paper_6c09a07f0459,18
paper_6c0a5d345609,826
paper_6c0b59cfe940,0
paper_6c1b435e17ae,0
paper_6c5132530ecc,17
paper_6c9134212fa0,8
paper_6c99149e1957,1191
paper_6ce7e0cc05ef,1201
paper_6cf6755bc195,9
paper_6d0145159e9a,902
paper_6d016834b3e3,0
paper_6d2d3f740d74,243
paper_6d37b95b42ba,17
paper_6d5a3ab35aa5,16
paper_6d7fece5703e,19
paper_6dbee1903064,6
paper_6dc35a7ed972,40
paper_6dd4e49b3840,5
paper_6e01cda3957e,1021
paper_6e27cb3c401b,30
paper_6e352c6f7a3a,361
paper_6e43efe915ed,1083
paper_6e5c16327bc2,342
paper_6e644015def5,105
paper_6e6e9b3f5722,144
paper_6e7175c05bc3,5
paper_6e7f1390797e,1221
paper_6e8867d115ac,1
paper_6e96d08b44b9,665
paper_6eaa71045909,76
paper_6ebbe03ad015,11
paper_6ec2c7b95633,64
paper_6ede1d971331,8
paper_6f27434c3114,14
paper_6f44e147fe10,175
paper_6f66d5c0408e,24
paper_6f892a972bd3,30
paper_6fb102a7ae08,0
paper_6ff58109e4ea,550
paper_7002015c9e9d,491
paper_7011783c3fb8,11
paper_7017dcf2acfb,22
paper_7018988671d3,172
paper_70509096eb01,9
paper_706da5772937,6
paper_70777ff51159,1035
paper_708a6149d510,7
paper_70c088e05a09,214
paper_7109f1544773,241
paper_711013390de2,0
paper_712f9d13b30c,864
paper_71543500f072,1128
paper_71653ef8f1e1,5
paper_7174f0fd6572,1009
paper_71a17da425aa,11
paper_71d0f9c57b29,818
paper_71d81b14d5a1,5
paper_71e99f64a528,1012
paper_72039cc72908,763
paper_7205ddf44c30,863
paper_721c516b8a0c,395
paper_7222e1c5f366,1
paper_7262f6b08d14,13
paper_726bb07af33b,275
paper_729ae1ffb8bf,2
paper_729d33b28262,613
paper_72b7e1844a10,6
paper_72cbe9f1eba3,677
paper_72d76fb04aea,14
paper_72db47a081f0,997
paper_72dcbae36521,11
paper_72ecc6e64e75,91
paper_72fbe26329a2,15
paper_73020ac52559,6
paper_7307c2e6ad91,9
paper_7323836893a0,12
paper_73334684cd00,838
paper_733f80439762,12
paper_73769cc6197a,4
paper_737830670d31,156
paper_738e3c9cb486,312
paper_738e5379e45c,23
paper_73c93235c6ef,1148
paper_73dc6a5a236f,877
paper_741a036977f9,11
paper_741ed31148fa,33
paper_742456c5035d,8
paper_742897aa40eb,1160
paper_74291d9f71d3,719
paper_7436e02b1526,2
paper_74674a9a0155,1091
paper_74783d045172,1052
paper_74843792d0fa,94
paper_749e864e6679,21
paper_74a10359398a,298
paper_74dca662449a,305
paper_750638f3e396,16
paper_7514176c5810,4
paper_754b8e8d723a,7
paper_75580207b259,14
paper_755d358a455e,20
paper_759e8d422c8b,7
paper_75a4b5696bfa,5
paper_75b9ae6a6dfb,10
paper_75cecd66a3e8,24
paper_75dacf17e4c1,32
paper_75eccd9918af,11
paper_75f7214af66f,0
paper_761d39826857,0
paper_7633a3aa9f9d,617
paper_76354678ecab,9
paper_76713b988a0b,798
paper_767a6695424a,780
paper_76834871d1a6,11
paper_768c32c5250e,879
paper_76a35947163d,11
paper_76abadd1d6cf,7
paper_76bdbdc33292,111
paper_76cdcdecd293,4
paper_76d4b7b74d37,770
paper_76f495af92bd,0
paper_76f4a189974e,16
paper_770c64ac0697,629
paper_771a0da3e9bb,92
paper_774975f29451,5
paper_774fa66b9650,1207
paper_7774e447d56d,15
paper_77837622ef37,1099
paper_7786b1545a19,1115
paper_7788bf496e2f,494
paper_778cd97b5be5,865
paper_778d3392dc43,0
paper_778e89d0c771,13
paper_77d57f465a22,1
paper_77f75ae05079,1
paper_78064cc9eaf9,575
paper_78142a25dab7,2
paper_7878226ebb33,34
paper_78bc7055a93c,4
paper_78bd1669f0fa,0
paper_78d2c5975e1a,1157
paper_78dc3a286aad,3
paper_78f85ee297c1,8
paper_78fd7ced095f,102
paper_795caf463571,7
paper_796d2ee30c31,108
paper_79b5c5ec7c31,9
paper_79e184a6348b,198
paper_7a28d939bee4,410
paper_7a3b0c948d25,6
paper_7a4cc721f341,4
paper_7a69468572e3,15
paper_7a712fb8e91c,8
paper_7a9e3db7d79a,13
paper_7aa00af96b5c,747
paper_7abf107e88ab,6
paper_7ac781652a89,17
paper_7ad2945121ed,1196
paper_7ae8b32f9792,4
paper_7aeecbd24a42,1
paper_7afaf096d4a2,788
paper_7b09e2c1c19a,1028
paper_7b2537fe5eb4,437
paper_7b264c1a33ef,6
paper_7b5f9bb06bd8,249
paper_7b71b406ec73,699
paper_7b71be9fc308,2
paper_7b8158ac90a8,0
paper_7b94cec273da,440
paper_7b9a15456dc4,1
paper_7bad363db6f2,53
paper_7baf6834c799,916
paper_7bd52a7c0e54,611
paper_7be359f6c31a,13
paper_7c569761f3e0,67
paper_7c8f2f7c90ad,4
paper_7c9a728ad377,5
paper_7caa5a555cea,7
paper_7cbf99d49f29,579
paper_7cc912b4a664,500
paper_7cde1e51e47f,1204
paper_7d25ce23a2f2,3
paper_7d4fa4b16f23,12
paper_7d5d80d60940,8
paper_7d6a0fdb1c40,17
paper_7d8d9ded0e91,187
paper_7d9caf95560d,10
paper_7dcfcb98f5c9,918
paper_7dd026122278,0
paper_7dd146ae6fc5,23
paper_7ddd252d2127,2
paper_7de84820406e,3
paper_7e090b5230ef,1116
paper_7e10675ff690,7
paper_7e31bfc6415f,981
paper_7e388fb117e4,631
paper_7e3cb095fdf4,22
paper_7e7e600d1aa6,12
paper_7e947fc907ca,885
paper_7ec357fd0edc,10
paper_7ed8d422f9e4,786
paper_7f10268da74b,789
paper_7f1ba62885af,434
paper_7f361a30bbbd,27
paper_7f61150e771c,461
paper_7f86e9154898,3
paper_7f9a6c2b090f,905
paper_7fa19c9443fa,2
paper_7fb6fbe66ab5,2
paper_7fd25189cfe5,5
paper_7fd2657e48fa,11
paper_7fdb994e4cef,776
paper_7fdc4a4c17e4,886
paper_7fe2686b8cca,22
paper_7fe97be4cfcb,895
paper_7fea20f6bd48,205
paper_7fecf58e3beb,662
paper_8023f96118f1,5
paper_8051679e9402,0
paper_8061ee871be7,479
paper_8073c631e0c6,1165
paper_8074679ebd19,783
paper_8085fad4c4a3,12
paper_80d5fe554fb2,3
paper_80e6248940f8,13
paper_80e8818e99bb,1031
paper_80ff93a381cf,331
paper_8112589cb1f9,555
paper_815c3f1a0652,561
paper_8165cdac7909,1100
paper_8191dc07f9a4,0
paper_81c551fd0a5b,943
paper_81d6f59bfb1c,3
paper_81da0a715772,18
paper_81e06a805010,2
paper_81f3b11ddec7,1
paper_82096daf7cbf,2
paper_8213d7eca8a6,15
paper_8243be626677,1180
paper_825c07e3e06a,19
paper_8265df1e10de,5
paper_8279b027bb09,470
paper_82a44d5b6f5b,9
paper_82b2b482b57e,729
paper_82bb982d8117,7
paper_82d57736816a,732
paper_82d65a997d93,645
paper_82ddd193a097,2
paper_82e56b7d2755,882
paper_830934b8adff,795
paper_830f975a2452,820
paper_833b0558ad53,12
paper_8362f2c074ca,950
paper_8375e978dc17,0
paper_8378813a6c03,179
paper_839546571d17,5
paper_83a131759aa4,1216
paper_83bf45a761c5,13
paper_83ca94a9ae04,1059
paper_83f18512e75d,426
paper_8404fc606d71,9
paper_8424d4564b13,9
paper_8435dd6ccab6,16
paper_843e0a5fdf47,3
paper_846eaf166ce2,314
paper_849d8348d4b3,42
paper_84a8bf51992b,8
paper_84a993964811,808
paper_8519b1b5e171,1174
paper_85487e82d76c,98
paper_85699535eddc,3
paper_857d3b325c16,478
paper_858cb54df170,5
paper_85957e26a6a5,3
paper_85a41f188ecd,213
paper_85c061a0db59,1
paper_85d39d3d696d,448
paper_85e93c54a6c8,379
paper_867e21f5da00,321
paper_8682df5c3d6f,4
paper_86935e51a5cf,908
paper_86963add46cb,4
paper_86983d73515b,846
paper_86b3b69cfe44,16
paper_86ea7cad1b62,12
paper_86f5773fa3ef,581
paper_86f9ac9a7686,336
paper_870571bb20a9,0
paper_871c55beb56b,791
paper_874976911503,484
paper_874b901cbde9,91
paper_87612a9bac1c,593
paper_877a269aa4d4,4
paper_879c4cce8034,19
paper_87a17b35352d,468
paper_87cd88119046,378
paper_87d465785272,170
paper_87dc83d0c3f8,463
paper_87dcc437cdea,1
paper_87de162751c1,2
paper_87de6e2150e8,0
paper_88213d3f7737,19
paper_8827d9f681a9,1
paper_882be14ca112,475
paper_882ddb324ac8,3
paper_883451c6df1f,1
paper_8851ed2fc7a5,86
paper_88568a365aa0,995
paper_885b8d49237f,148
paper_888496186634,1202
paper_8887fbc67192,4
paper_88b301375f53,100
paper_88bc4beb1cd3,25
paper_88c20efda717,16
paper_88e32df0d948,0
paper_88f2ddd769ed,12
paper_89000003dc41,6
paper_89164f984414,890
paper_891e8eba9a9d,8
paper_893277277fd9,18
paper_8946e0f034da,6
paper_896736236940,13
paper_8976fddb49b4,1080
paper_89aed3215b49,9
paper_89b7a47d6179,14
paper_89bba1e9dc27,1
paper_89e6c77c81b7,4
paper_8a39ad32fc00,7
paper_8a45bd078dfd,793
paper_8a49f475bd38,5
paper_8a562d41c477,3
paper_8a9219ba2951,20
paper_8a94c02845db,16
paper_8b7c14c1bb46,268
paper_8b86ff07a58f,387
paper_8b96b4c53e44,10
paper_8b9dcbac047a,6
paper_8ba5e7fb09c0,57
paper_8babaef60d75,4
paper_8bc25d51c5c7,5
paper_8bc7a3959338,5
paper_8bceea446161,12
paper_8bd5727ed307,3
paper_8bdba155d401,5
paper_8bdbfe27a41c,208
paper_8beeed85cfb3,1147
paper_8c14709392e9,4
paper_8c5953d6dc68,0
paper_8c5fe5543263,5
paper_8c65cfcb6860,15
paper_8c75cd6bb1a0,7
paper_8d38700a62c9,1046
paper_8d677e882e4c,9
paper_8d6d7c5f6a61,10
paper_8d74b087215f,188
paper_8d829a49a2e4,8
paper_8d8a03323371,912
paper_8d913ba2ea44,8
paper_8db75d1a09aa,571
paper_8dcd215a437a,3
paper_8def76e53117,5
paper_8df12d839f15,17
paper_8e203e333c8b,13
paper_8e2b75484691,13
paper_8e2cc587a50f,5
paper_8e2d090e0351,0
paper_8e39276c0a14,73
paper_8e4591805b03,1
paper_8e4874f63d46,428
paper_8e493e9c186e,7
paper_8e64f55c7bc3,2
paper_8e6de895e22a,10
paper_8ea858a42f13,983
paper_8ebc5ffce8a9,0
paper_8ebe5c3dbef6,248
paper_8ec3bbe15a51,0
paper_8ecc967584a8,438
paper_8eece324e500,273
paper_8fc97fee7f68,353
paper_8fd6934e2ce6,11
paper_90077a85a4ed,165
paper_90203d1daef2,33
paper_90468e707a1f,1030
paper_905758dc55b5,17
paper_9062208f43cb,1
paper_907035c12212,609
paper_9072300a0e0e,10
paper_9078245d3330,195
paper_9090815411f2,29
paper_90adc1315cbc,627
paper_90b78518a4fc,14
paper_90c9dc20e3c3,15
paper_90e9093ed08b,1134
paper_90f67c59cc76,8
paper_90f94bd4e8eb,616
paper_90f98e05d469,642
paper_9107d330699e,10
paper_913f788e1edd,563
paper_914a117f0747,767
paper_915cab51c3ba,15
paper_91639e4489db,286
paper_918df58d3f95,2
paper_91924fe1a7b1,1
paper_91afb49c260d,1
paper_91cdbeb461ae,1
paper_91dca081736f,1214
paper_92302003a5cc,0
paper_92315ac20183,58
paper_923e593fc7fb,6
paper_9246df836bfd,1130
paper_9248148acc0e,3
paper_925274f524cd,548
paper_9255a280af78,759
paper_92618ff3202b,825
paper_92789cdacb3c,7
paper_9286614638bb,11
paper_92e422d38fc8,725
paper_92e7969e699a,52
paper_92fd5d8f7a0d,0
paper_93054cb9afb2,710
paper_932981c3e2fa,797
paper_93409c0e3a76,1075
paper_9388b0ecf6e0,7
paper_939b60303dfe,884
paper_93b658f52f1e,897
paper_93c51058bd14,0
paper_93ec471d2c25,40
paper_940f7a6180b4,263
paper_9413a394a8a2,122
paper_94239b16b217,471
paper_942a9d5f60e7,13
paper_944f0b06b444,3
paper_9455d46d62b2,875
paper_9460ffa9ca22,11
paper_9493e2e89ee4,155
paper_94a0129578c6,735
paper_94b2bff6d98d,399
paper_94caf5ebf796,4
paper_94dfc2f6ab82,291
paper_94ee81cba1cf,1
paper_94eeb1e01a58,900
paper_94fe1967e8c9,26
paper_95171155d449,630
paper_95488307dd6d,773
paper_954b4aecefd7,553
paper_955f847c8ded,28
paper_957c4d697921,11
paper_95f4380e84dc,1172
paper_961c988c294f,1065
paper_9623993b6aaa,227
paper_96437f0087d9,407
paper_9644c8fea374,530
paper_9652de326aad,12
paper_965c8d997e85,422
paper_965f73f02800,11
paper_967834b38cbe,1219
paper_9679e1419c5c,310
paper_967c4e77ea78,1
paper_967ce8941221,700
paper_96a0a21428be,928
paper_96a1d214e2ce,1045
paper_96a9357119a7,308
paper_96b1f5708b86,696
paper_96b485e0e8ab,15
paper_97041d701597,647
paper_970ab91b0507,3
paper_970d8f32270e,276
paper_97248fa35541,11
paper_9799dd664cf9,717
paper_97c05134caa2,1153
paper_97d463e36677,87
paper_97dc1112d9ff,0
paper_98073c92d2fc,3
paper_9811397f9a4b,4
paper_981bc58d2e13,15
paper_982c4fa74485,0
paper_98359ad8296b,11
paper_98375702a3e1,10
paper_986576e64c63,945
paper_9886df1fae06,10
paper_98cd37466169,4
paper_98dd3b6face2,1113
paper_98ea472798c8,1137
paper_990a7d20882c,933
paper_991bd1786d36,925
paper_9924e2d2cd4d,176
paper_9959f9c19665,0
paper_99675c5f1e74,18
paper_99a958d8b3de,12
paper_99b62d34ace8,524
paper_99bc3bdc9bb2,744
paper_99d843eebc6b,1164
paper_9a0ea4967582,1
paper_9a1255ad83a3,2
paper_9a12d9222636,6
paper_9a3307fd57d4,13
paper_9a3aeea023b0,9
paper_9a4db4d74046,27
paper_9a574313c84c,415
paper_9a5abaccd143,12
paper_9ac51e50f071,2
paper_9b405525cc53,676
paper_9b7550ce7975,429
paper_9b7ad14a6c1a,600
paper_9b90864fd07d,481
paper_9bc3f6c7c2ad,18
paper_9be0a50806dd,0
paper_9becb780c96e,9
paper_9bf09c3adedd,17
paper_9c4a707cad7f,1005
paper_9c5301db568e,1086
paper_9c5357726aa8,5
paper_9c61993d2da6,711
paper_9c66f36dd44f,9
paper_9c8652fec0db,1149
paper_9c8df865b72f,17
paper_9c90b38e555f,9
paper_9c92d0a88d17,334
paper_9ca3d6cfdf69,0
paper_9cbc012a0f18,0
paper_9cce27ca24a0,495
paper_9cded18bd44c,1
paper_9d137af3d2d5,405
paper_9d2c406215a6,2
paper_9d4a4771f42e,988
paper_9d6a413bfdce,0
paper_9d74a0c0e7b7,15
paper_9d960478f01a,48
paper_9da69b72fe30,924
paper_9dc78c150cd1,1
paper_9dd5e58773bc,6
paper_9e29139f15b4,1072
paper_9e354a321078,6
paper_9e392797df44,656
paper_9e3a6108142b,842
paper_9e535ce47703,796
paper_9e7040d64020,271
paper_9e79fd8e0cc3,1029
paper_9e80a5f501e0,6
paper_9eadad5a5fe8,9
paper_9eb9485d68b3,9
paper_9ed85b3527e1,589
paper_9edb1092bce8,659
paper_9f081b4edc1f,11
paper_9f095499bb51,11
paper_9f2a0cb2f752,16
paper_9f2ffa0201b0,944
paper_9f48809c50ba,1
paper_9f6d4125be7a,623
paper_9f8a8c8e4d68,6
paper_9f8d65e6362c,391
paper_9f8e38dbfd72,2
paper_9fb46cd3fbf4,16
paper_9fbab6909e32,9
paper_9fbc42cafdcc,5
paper_9fdaff1fe6a8,84
paper_9fdc8d003747,25
paper_9fe636caebe1,14
paper_a0006854392a,3
paper_a008b247e92d,7
paper_a009bed1626f,20
paper_a01fcbeb9d1d,1
paper_a050ea864c21,35
paper_a08684ac436a,5
paper_a08b41ecd7ff,2
paper_a08b9b8a281d,534
paper_a09fe86063da,10
paper_a0c56a6ec932,765
paper_a0cd37e62a34,35
paper_a0dc925b62e3,2
paper_a1042fc0d355,0
paper_a1325937cdfa,6
paper_a138c48056f3,6
paper_a16325367412,16
paper_a16c1ef2b8eb,412
paper_a18061fd2101,17
paper_a1874abf1597,0
paper_a1a53f153d35,3
paper_a1aeffc4af74,1077
paper_a1b72145d9ff,0
paper_a1fcb1eeeeb2,0
paper_a236aa0aaa8a,31
paper_a23fe1aac471,68
paper_a24427532cd5,326
paper_a28f8c7dc0b0,2
paper_a2a22464c03f,669
paper_a2a7f876a0a6,697
paper_a2aebd60d43c,55
paper_a34639824a0b,14
paper_a3469491e152,0
paper_a37365137dc1,117
paper_a383c001248d,11
paper_a384068a1bad,216
paper_a385ab44d338,8
paper_a3a4ed71b009,5
paper_a3b4e1f3d0fe,7
paper_a3e7454e1c54,5
paper_a3eaa1e7e449,887
paper_a40f74bf61f4,261
paper_a436f1452970,695
paper_a453897d9511,784
paper_a456a04bff78,29
paper_a45b65d10152,0
paper_a498b9283ddd,743
paper_a49d92baf64b,1
paper_a4a2e21ab436,348
paper_a4e11d33f372,47
paper_a505493af18b,706
paper_a5078a59f125,549
paper_a5175d7f1a88,203
paper_a53af066756c,409
paper_a55392633e26,493
paper_a55632c27466,880
paper_a55637910031,154
paper_a556d13fce62,694
paper_a55f067fadcc,3
paper_a5622cc404ad,317
paper_a5678bad48bc,8
paper_a572b02f70ee,718
paper_a58d0f722ef4,12
paper_a5b13d8da84f,816
paper_a5b9b00fbe1e,10
paper_a5bdf3ba1979,11
paper_a5e214c68628,1
paper_a5e40e4a8a57,7
paper_a620833a161e,238
paper_a6235cfcd085,9
paper_a6299e90bfbb,952
paper_a63187118a84,2
paper_a64fc614f101,4
paper_a664188b1f32,9
paper_a6717eb82daf,4
paper_a693c26e8e63,518
paper_a6a11953240b,16
paper_a6ae542fff3c,274
paper_a6f0a53f9184,6
paper_a6f5bc2dfd94,18
paper_a71fef75af78,10
paper_a72baabff016,0
paper_a7386e8a0fc0,6
paper_a7552fbb4513,576
paper_a757bcc56951,285
paper_a78166de82b3,14
paper_a7b0ef7b334b,3
paper_a7b527b381f2,1135
paper_a7e785410d4e,29
paper_a826295e4767,392
paper_a8756c0d47cf,71
paper_a8b2f0daecf2,712
paper_a8d8ad9b2bc1,1
paper_a8df5671ba5b,1007
paper_a91201dab287,1118
paper_a95fbd7f8913,14
paper_a9a586010162,0
paper_a9af192dddfb,13
paper_a9d089f68d5e,0
paper_a9edabdbba1c,634
paper_aa0ebd9cc768,125
paper_aa3a106efa75,8
paper_aa3e4f16a0dd,6
paper_aa5273930215,6
paper_aa66c9b02646,7
paper_aa9e01fd00af,4
paper_aa9ecbca9ad1,1225
paper_aadcb76ad1f9,939
paper_aae228e61187,6
paper_aaf8b7dc17c8,6
paper_aafa765ca12f,10
paper_ab13b3b929aa,20
paper_ab1ff3845c2e,160
paper_ab29b63f8682,1078
paper_ab4235421e75,19
paper_ab49711a898d,15
paper_ab89424b26d0,49
paper_ab8b013f71c9,965
paper_ab95b2230ca4,8
paper_abc56d74606d,782
paper_abce212b00da,6
paper_abd97cd335f6,733
paper_abf282151a5b,9
paper_abfc08f43fe2,2
paper_abfc914b8a1c,3
paper_ac069a58e2f9,101
paper_ac086b83c8b7,1158
paper_ac0e81496a29,6
paper_ac12f4f6b08b,335
paper_ac18fecdd757,682
paper_ac414dcb11fe,11
paper_ac5a8ff9fea3,8
paper_ac850d0ecab1,394
paper_ac943e0cf1ac,554
paper_ac98002d0410,8
paper_acb5313d756e,4
paper_acbaf0e2826a,9
paper_acc481a95ed5,6
paper_accb7183fb5f,13
paper_acce471ecdfc,7
paper_acd36e90fa26,17
paper_acfe1d90a549,135
paper_ad18210dbfc9,523
paper_ad1bf07c7b8f,12
paper_ad1fb7b9cef8,384
paper_ad3054e196a3,13
paper_ad33e4e6dd73,5
paper_ad698d1ae156,11
paper_ad8d3be6d25f,10
paper_ad8f0c067e66,4
paper_ad940b44ec0e,43
paper_ad98aa8b46f2,12
paper_ad99cd43ca61,557
paper_ad9a903e131a,48
paper_ad9c6e5f6335,41
paper_add5835758ab,18
paper_ade7d41fcc3d,9
paper_adeb3c1424fa,590
paper_ae035a073c40,4
paper_ae1d0492f72c,5
paper_ae212ea35e40,449
paper_aea2f6a6a50b,1
paper_aeb7cbe0342f,708
paper_aebdd4a07770,107
paper_aed6189cac10,734
paper_aed8471482bf,75
paper_aedb02afae85,1049
paper_af16090d0ce5,828
paper_af3d5a3e5045,9
paper_af7bb0aea2f7,9
paper_af8eae3fad97,9
paper_af9fe4be8693,2
paper_afb9093af1cd,19
paper_afd5c14b7108,6
paper_afef8688042c,562
paper_aff94c53bf81,777
paper_b01580afdfbd,1
paper_b019606d3925,14
paper_b03bda74e5f4,915
paper_b03e50721653,0
paper_b04001b59057,1082
paper_b07d7c0a6903,2
paper_b08c4aedf2ff,53
paper_b09181416b4b,2
paper_b0b1b7802673,1
paper_b10ca23c00c3,19
paper_b10e4473928f,7
paper_b1208d2f07cd,1
paper_b1527c522ef1,121
paper_b16121d57308,2
paper_b185de6f64d7,0
paper_b1b5bea453dd,381
paper_b1ba9446c49b,1152
paper_b1e0ab1c3f5a,487
paper_b1efc989fd9c,11
paper_b20700db3673,20
paper_b20de006ed41,701
paper_b216db755fd6,34
paper_b2357d1944e8,12
paper_b242f2355879,709
paper_b26b5fbab064,860
paper_b2806cc62b1a,443
paper_b28cf03de2e3,9
paper_b2ad520285d2,2
paper_b2b05d086490,0
paper_b2b2c60ef090,0
paper_b2b9ffd548a3,1
paper_b2be419e018a,16
paper_b2ce6808324e,909
paper_b2e735173e22,8
paper_b301027541db,998
paper_b304f05db73d,2
paper_b315a08286e2,1044
paper_b3195a0d0bc3,14
paper_b335810c7116,103
paper_b353cd09b7e3,853
paper_b356ae4b406c,889
paper_b363ee35ea25,270
paper_b371ae816489,1015
paper_b3858d25f677,4
paper_b38ca58a5b1e,1084
paper_b392348bcf4b,362
paper_b39bf79e70aa,8
paper_b3d229787811,566
paper_b3e5d8980685,1027
paper_b3eca48c5b61,15
paper_b42a194747c6,139
paper_b4334a4a01de,97
paper_b49372f5be4b,1071
paper_b497c998f389,124
paper_b4aa718fc3f6,8
paper_b4b6e80b130f,670
paper_b4bf3ba5c436,25
paper_b4d30e1e2407,1210
paper_b4dd5c02a427,0
paper_b4eaa3001978,12
paper_b4f048f72ec7,0
paper_b4f5cf8fc1f4,1209
paper_b50365033d5b,1
paper_b50690f5f594,17
paper_b50c36f0c83b,324
paper_b50d1d6287ea,3
paper_b52b22d355ab,182
paper_b53c398a4bde,7
paper_b5709a283126,7
paper_b5b30188e151,6
paper_b5dd2e0d7422,452
paper_b603f164057c,1042
paper_b6217bbee439,1
paper_b629c8592c58,851
paper_b637c4c6b46c,598
paper_b64513197d50,1124
paper_b6662fa0c4f4,5
paper_b6aff3ea7e7c,7
paper_b6e192c76a89,476
paper_b6f21b17ac55,55
paper_b6fa51e55f08,31
paper_b6fb3b22cbae,1
paper_b6fcacbe59e0,10
paper_b7124dc4f6ac,0
paper_b76049ed667d,10
paper_b7a01278f1ba,1178
paper_b7bfe37372cb,289
paper_b7d9e7b1f112,330
paper_b80d43262ccc,716
paper_b816cc9b5a2c,482
paper_b857eac13d9a,4
paper_b8897ebb70fc,447
paper_b8ac55a46eb7,1
paper_b8cbcc753b4f,18
paper_b8d52c2b1b68,14
paper_b8fc92f779d1,39
paper_b92f306e9d6c,5
paper_b96cb69716ad,1040
paper_b98f92f7b96b,7
paper_b9d6aa4986e1,4
paper_b9ebd638236f,1039
paper_ba11f439596e,606
paper_ba36c1bf41a7,4
paper_ba3d4c6bb961,16
paper_ba530e9aca19,1
paper_ba83eb13f8cf,0
paper_ba9d943eff0d,618
paper_baa832c87690,0
paper_bab79786f40b,2
paper_bad66217cda3,812
paper_bad6d6a31985,3
paper_bae7548a0f84,883
paper_bb12b56c10fe,6
paper_bb2998f4594b,86
paper_bb5b6e5690af,0
paper_bb5cf8b906d8,955
paper_bb6f87fbc62d,12
paper_bb801dba8c68,215
paper_bbb6017c6ed1,7
paper_bbb8e146e5b0,3
paper_bbe9be3202aa,20
paper_bc2144b96037,1
paper_bc47d702a10d,130
paper_bc65985c7055,1217
paper_bc915ee57599,1095
paper_bc93951d5cf3,1105
paper_bcaa4c06c612,740
paper_bcaee7bbf3cd,8
paper_bcb0815bb737,83
paper_bcddfdf616a9,3
paper_bcee3f2464fa,3
paper_bcf9943cd1d8,3
paper_bd090606b3fb,318
paper_bd205acac1ac,44
paper_bd3bebe54e6f,4
paper_bd858af8ca75,1186
paper_bdad5fabb49d,5
paper_bdd31281ebc5,8
paper_bde677a9ee8c,854
paper_bdf246089394,13
paper_be0257013a89,1141
paper_be054031ed8f,1177
paper_be2a90d51df6,474
paper_be36f682f131,87
paper_be3a401fd4d4,346
paper_be45b763af46,874
paper_be53f91319c9,4
paper_be68d7bc2360,5
paper_be7b9b40c631,446
paper_be873156e6a7,2
paper_bea169f42721,731
paper_bea23efef7f6,19
paper_bece632c27f1,266
paper_bed0361d91e1,849
paper_bee7864efa03,116
paper_bef69bb92c4b,18
paper_bf072985d2f8,406
paper_bf0ead660ed6,20
paper_bf2d66e88700,1
paper_bf478bfdd113,211
paper_bf7aa8d103c3,10
paper_bf8320c19c25,69
paper_bfee23f98d69,2
paper_c003ba584772,44
paper_c03014b2ec4c,383
paper_c0324476d7d3,6
paper_c057109cbc1e,910
paper_c05d80ac6a74,13
paper_c0632fd66847,1062
paper_c07791daa7c6,982
paper_c08e5187eac0,3
paper_c0975d3ee41a,22
paper_c0a5b1c875cc,367
paper_c0b5331fbdab,21
paper_c0bc64d29068,5
paper_c0bdf0258f97,19
paper_c0d556eab566,505
paper_c0dadc5c8e83,14
paper_c0dbe283bb48,800
paper_c117e4724f76,224
paper_c12fec0d778b,293
paper_c13f66bc5d6b,12
paper_c1418a11c4f4,0
paper_c16a89aebe80,8
paper_c186727a3e97,602
paper_c1a320f8e52d,643
paper_c1b570859dc1,0
paper_c1f777eb3eca,0
paper_c2152beb36a3,1013
paper_c23afc7db7fe,835
paper_c2826200f61b,4
paper_c2850f76a1ba,2
paper_c2b102342a7a,805
paper_c2fe057830ba,234
paper_c33fa6c66d6b,5
paper_c347a63d0dac,12
paper_c389a69e44ed,3
paper_c3b9e63a155b,14
paper_c3bf1209348a,102
paper_c3d9bed931a0,60
paper_c3e32e832841,6
paper_c3ecc454632d,9
paper_c3f45543315b,11
paper_c40303a8895b,8
paper_c41ba6147b7a,2
paper_c42f9a5a2b2b,15
paper_c4428044ed2c,0
paper_c47a57fdc185,11
paper_c4abbdbdea2e,2
paper_c4aee3fdcd11,3
paper_c4d62016aac6,52
paper_c545de9a1045,1182
paper_c549d5352750,572
paper_c553525799f5,1060
paper_c57aa0bcb20d,9
paper_c5993d118c44,914
paper_c5a17a807806,19
paper_c5addb7a1332,231
paper_c5b909197339,6
paper_c5d4f04ce012,11
paper_c5e081749748,18
paper_c5e8039c7bb7,810
paper_c5fa64593083,5
paper_c625d95309ba,0
paper_c6346f2c5eb0,1
paper_c65c466b8227,0
paper_c663b3282357,3
paper_c66916cfcd84,4
paper_c6a07ed919a7,397
paper_c6cd57461bf8,42
paper_c6f8bb7f3e4d,11
paper_c7049a767c8c,4
paper_c7065ffad90d,0
paper_c713cef9b0d6,17
paper_c71701b9ac76,294
paper_c721b62c0a60,345
paper_c75404b84a18,372
paper_c79d66797452,12
paper_c7bc4d22eb6e,12
paper_c82a21d2b78a,258
paper_c84095f81840,19
paper_c841a93aa344,32
paper_c843a4ef20b1,757
paper_c851c99227c6,46
paper_c85a6c5902b4,8
paper_c85fc7439560,9
paper_c8bfad396aaf,1
paper_c8c8f1ba6c90,1003
paper_c8e7f991328f,5
paper_c8eba6e1bfcf,5
paper_c8fe256261e9,848
paper_c967c732fdb0,0
paper_c97cb242c0e5,420
paper_c990a8d8ed31,82
paper_c9e08349fbef,58
paper_c9f863f00ecf,3
paper_ca02c71f48cd,621
paper_ca0dc1651e43,7
paper_ca2e9137db58,652
paper_ca3cae38f916,1036
paper_ca580afa96c8,376
paper_ca70eb561fd8,1211
paper_ca82507c34ed,88
paper_ca8665ac4590,16
paper_ca8a05eaf6f7,2
paper_ca97b9384a1e,13
paper_cabbbff57228,2
paper_cad248fc4f8f,55
paper_cad8752d45eb,764
paper_cade657a41a7,8
paper_caf23ed0053d,14
paper_caf57c0f2525,66
paper_caf834050405,4
paper_cb001179dc93,510
paper_cb59bbde786f,8
paper_cb6c14060aa5,0
paper_cb6ca79da947,9
paper_cb9be1a13261,11
paper_cbb3a4f61231,173
paper_cbbc7cdefbd9,1053
paper_cbc58de61d96,7
paper_cbd17f98c2be,60
paper_cbd1dfa89ad9,6
paper_cbe3af30509f,104
paper_cbe76c0192ba,9
paper_cc123403fce1,6
paper_cc1241cae015,17
paper_cc2a4e4fb3f8,106
paper_cc314b95286f,11
paper_cc3a10fd5380,637
paper_cc81eb679960,702
paper_cca51cd90f36,994
paper_cce5198f0880,7
paper_cd21877f5e4c,0
paper_cd2814c2f15e,1
paper_cd583f52f58b,57
paper_cd6536433d13,2
paper_cd6ec042d204,3
paper_cd82a7d9b3f4,260
paper_cd82e932e3fe,0
paper_cd888a190bed,12
paper_cd92da466004,6
paper_cd9f74c18aed,704
paper_cdb9e45400d9,622
paper_cdccc6342983,18
paper_cdd81194e487,8
paper_cde90a62e282,1184
paper_cdeb9275830e,115
paper_cdf3a51feacb,1133
paper_ce1b434986d6,673
paper_ce1d428fa42a,5
paper_ce1dc058556c,17
paper_ce49d5c4761f,16
paper_ce4b59dbcec2,3
paper_ce68c9c64c81,375
paper_ce7028b5f0e3,1206
paper_ce72188821d4,153
paper_ce81d08d91fd,7
paper_ce8e8973e8c4,809
paper_ce909186cfce,0
paper_ce92e9669dc6,19
paper_cead9ee541be,2
paper_cec0910034eb,9
paper_ceeb0064c423,3
paper_cef548905462,7
paper_cef7bf412f0a,220
paper_cf186d2bd515,762
paper_cf2bf837280f,926
paper_cf3619713834,951
paper_cf426abdbb16,43
paper_cf44e742b8c4,431
paper_cf7dfcdc1867,235
paper_cfbe6dd8b20d,804
paper_cfed26503384,147
paper_cfffca5bd50e,7
paper_d00b03278c99,620
paper_d0332cdfcf4f,386
paper_d04f1ae6d7ff,1
paper_d05cae07b298,3
paper_d073d72a0576,6
paper_d087470e49bf,817
paper_d0a684541663,14
paper_d0ebea365011,119
paper_d0ee58155832,3
paper_d118c2cea883,750
paper_d143afdebe63,1051
paper_d15995c1e17b,134
paper_d1642c4e9761,197
paper_d1c14836cf5c,5
paper_d1dcef275ce0,601
paper_d1f8ae6907f6,12
paper_d1fb092da6bd,666
paper_d206cc524f63,0
paper_d210cc2805b2,4
paper_d21556c19ebe,2
paper_d2393a702f92,1068
paper_d23a23c7fa80,568
paper_d241df83275a,212
paper_d24f552c0523,2
paper_d25745e440b8,1203
paper_d27868a1adc3,2
paper_d2b1166cce43,18
paper_d2c729411043,6
paper_d2e9947ff0b3,4
paper_d348b43c2839,460
paper_d3558e220999,2
paper_d3749a2799fa,137
paper_d377febccdbc,2
paper_d3a43816f7a7,20
paper_d3ad1d1b63d7,374
paper_d3bebc785e95,332
paper_d3d45446407a,614
paper_d40daba2c05b,4
paper_d43b0d5c6aef,272
paper_d442cb6124d6,22
paper_d44597e2c720,3
paper_d457dd2fe423,16
paper_d4689abd5733,9
paper_d482eeb07c60,0
paper_d495c5c0d582,15
paper_d49f5f8a1035,194
paper_d4a55de7d4f7,801
paper_d4b70c0c0a68,8
paper_d4f075a940ef,295
paper_d50b540785a4,26
paper_d50e301a9478,646
paper_d52ead397063,251
paper_d52ee9420a03,15
paper_d53570830cd9,10
paper_d5420b437a79,9
paper_d56571fdb494,4
paper_d58230228b9a,0
paper_d599caa57d8f,775
paper_d5ad1bb82f05,992
paper_d5b48b6f6259,1
paper_d60a69174d37,25
paper_d62def5fde24,971
paper_d64ef55939a3,1
paper_d664bda29e0e,5
paper_d66d0ea7facc,14
paper_d67cf357e258,1125
paper_d68e19a68e25,50
paper_d6c22ea79459,1
paper_d6cbf68b9ad3,17
paper_d700d5e89836,315
paper_d7793bd961a7,16
paper_d895bb0f4118,36
paper_d89773a45337,9
paper_d8b6a4b8a360,30
paper_d8be82e39c90,4
paper_d8ccae6c6cae,39
paper_d8d4c9ced936,72
paper_d8ed84ac67f0,1
paper_d936435d4fea,20
paper_d94fa41a364b,31
paper_d9734fc09a8d,21
paper_d97529099802,0
paper_d9a85981b6a2,174
paper_d9d0df4da89b,22
paper_d9ee6910167b,0
paper_da22d5f2ced9,1
paper_da3704ef4ad0,1123
paper_da4406674106,1215
paper_da48d231fa84,9
paper_da4d7e896fe9,1
paper_da4e474e792a,113
paper_da616c135c23,3
paper_da7fc1f603c2,4
paper_dab1095b3581,1109
paper_dab92d5aa105,3
paper_dacc8dfb251c,760
paper_daf92524af29,118
paper_db07aee2af1f,19
paper_db1b2bce61df,1
paper_db270d6dca8e,190
paper_db27fb5e0288,1008
paper_db3453f57485,82
paper_db3838fb0282,660
paper_db4d1c02e589,12
paper_db587c0043c0,1
paper_db5fc9fb0929,934
paper_db73012ec352,8
paper_db7c944246dc,80
paper_db803886deed,1192
paper_db95b353423e,236
paper_dbb1234fedd1,10
paper_dbb6b64590c2,830
paper_dbc4053f9b2c,207
paper_dbd6be7a1201,9
paper_dbd823cfa3a7,0
paper_dbda7f1a17fa,7
paper_dbef946ae50c,16
paper_dbf5cfd9ef9a,20
paper_dc253583fdec,3
paper_dc2e033591f2,444
paper_dc350f455e7a,17
paper_dc353f0cfa84,840
paper_dc510e4d1b54,852
paper_dc84d6da8dc0,370
paper_dc90f7cda365,209
paper_dc93eaed554f,3
paper_dc98036aea4d,648
paper_dcd3d400bc84,2
paper_dcd5b188fbad,3
paper_dcf3a94daab1,2
paper_dcf3f9391f7a,1223
paper_dd29dcb95520,10
paper_dd48456050e5,565
paper_dd6377937fed,980
paper_dd6953c10f1a,604
paper_dd7a258cc859,2
paper_ddb07f54c9fc,0
paper_dddc7cbaab4a,16
paper_dde28a86bb5a,2
paper_ddf9e059f966,584
paper_de1803107ef2,724
paper_de233c580b66,4
paper_de30788975b9,18
paper_de3937e3cb4d,178
paper_dedd05440168,427
paper_def5b0ee78a2,7
paper_defdfffb558d,218
paper_df04eb7aa084,5
paper_df188d614364,313
paper_df52feac3d8e,644
paper_df58135da678,9
paper_df636761aaa5,296
paper_df6e38ce8e8d,166
paper_df75ca058c33,850
paper_df80c717f6b8,418
paper_df8be691c607,6
paper_dfb9f5356b61,95
paper_dfd59427d743,18
paper_dfdcd86ff910,1
paper_dff02fcf3389,10
paper_dff3eafb88e6,4
paper_dffcc6b43358,140
paper_e006d20e80a3,12
paper_e01cc8324c27,7
paper_e027419a4cd2,7
paper_e02b4a54815b,14
paper_e04103640833,12
paper_e0b629ccef11,6
paper_e0cfe2edbea9,691
paper_e10fb7349d00,59
paper_e123ccc07f21,10
paper_e14756b06a56,411
paper_e16d27bd44bc,10
paper_e199901be839,2
paper_e1a60f2ad531,22
paper_e1b594ccb0c9,4
paper_e1b8fd759df5,300
paper_e2158087d509,985
paper_e21ad1634b84,396
paper_e22722f734e9,6
paper_e234c049b1a3,0
paper_e25f01546ce0,532
paper_e260ed5ac439,5
paper_e29400396cf7,726
paper_e2c7eead0231,13
paper_e2dc422b10de,1129
paper_e31370f51d76,1
paper_e322a0563597,96
paper_e338dcee1b04,1120
paper_e359b9d2c17e,85
paper_e390e89dc3ce,1
paper_e396c2df06cb,202
paper_e39787720e24,225
paper_e3a1f5d80a3c,4
paper_e3be8e813386,929
paper_e3d2675964f9,658
paper_e3de0d80d769,8
paper_e3f45c45294d,62
paper_e3fc922c054d,803
paper_e41cdae21650,4
paper_e4a609c69711,11
paper_e4b0bb7e2d45,1188
paper_e50a6655811c,4
paper_e50add1ff538,184
paper_e51bd38e43a1,727
paper_e5293958e682,41
paper_e5881e809a0f,402
paper_e58ab4776e5b,14
paper_e5ffdac8f78c,987
paper_e60ad9c6bc02,1
paper_e61b9c0fa12f,157
paper_e62b98bb65ef,8
paper_e633a065fb82,963
paper_e64e57f2dc38,9
paper_e6527f6ebf07,2
paper_e6789f310cc9,513
paper_e6ab1e6dcc73,872
paper_e6b9536fe9e7,7
paper_e6d7863f4ff8,16
paper_e6ebc689cc52,6
paper_e71648ed3e6b,4
paper_e71c8e8d20d7,11
paper_e722d00057b3,0
paper_e72ccf1639ca,17
paper_e74f7edd52f9,3
paper_e74ff6396850,547
paper_e772a71500f7,65
paper_e77646d90c9a,1079
paper_e786c365ae1b,2
paper_e7a361ffb907,754
paper_e7e5e0e3b9c0,1114
paper_e7f566d4e0fb,28
paper_e8035d27a77a,1185
paper_e80580fc6965,4
paper_e81e44a2fa3e,23
paper_e8430890b5d0,698
paper_e85519f65c13,1208
paper_e884a6ab3a69,163
paper_e8a35c976988,1069
paper_e8a62af58f87,723
paper_e8d59916de51,888
paper_e8e70d4df1f2,21
paper_e8e787cfb69c,693
paper_e8ecdd218e5d,957
paper_e8f25283bad5,74
paper_e901dd4c8a3b,715
paper_e90a218d202c,0
paper_e931b043bdb0,14
paper_e932b34303e6,90
paper_e9440129779c,10
paper_e95643489a4e,3
paper_e95a53d4d688,569
paper_e96b7e6878d5,3
paper_e9770df3cc95,15
paper_e97dc2925205,46
paper_e9aecbcf302e,70
paper_e9d25fd8acbe,373
paper_e9f7a1a9a64c,1
paper_ea27c3b08c7d,10
paper_ea3ba7ad5941,1025
paper_ea4614706590,785
paper_ea5f1f001dce,2
paper_ea6a966f88c6,3
paper_ea7ca91a28ff,256
paper_ea84fee6061b,0
paper_eaa2ad22d622,556
paper_eafb13587486,47
paper_eb03cbf09a62,1001
paper_eb0a5a9ad6b5,5
paper_eb3239559e5d,769
paper_eb437301589c,150
paper_eb4e10966e3e,14
paper_eb77a93ea274,5
paper_eb7c5b90e3ae,359
paper_eb7e325331d8,1156
paper_ebaa8a726ead,4
paper_ebb01d855f04,351
paper_ebba280e0f83,7
paper_ebd812493707,15
paper_ebdd24f64959,3
paper_ebf7e86fdddf,307
paper_ebf8e451791a,80
paper_ec0b19169e81,521
paper_ec74039d9a0f,78
paper_ecbaf6c34752,959
paper_ecdff3770ad8,19
paper_ecf45ddfc8ce,1117
paper_ed0202cb3754,686
paper_ed054808febf,21
paper_ed22617e85ca,2
paper_ed34b4df4d83,4
paper_ed45dcff1256,6
paper_ed4e7a91ba80,33
paper_ed5a3ae06a52,16
paper_ed6f0a8fe4a3,3
paper_ed75bf5e2b59,1222
paper_ed8c8cb6181a,1127
paper_ed934a5a265d,522
paper_eda2f6ab3566,99
paper_edaa2bd1b804,355
paper_edf257295c1f,892
paper_edf75a0a7819,17
paper_ee1b65a0ea2b,253
paper_ee39e441d546,280
paper_ee4dd4b1cc86,40
paper_ee5c307c0cbd,301
paper_ee6f93e09b38,282
paper_ee8978ca79f8,19
paper_ee936500a2e2,10
paper_ee991404e607,574
paper_ee994459de8b,9
paper_ee9a17fb65ce,6
paper_eea59532fe58,2
paper_eec54b600dda,0
paper_eedd9f5ae3c2,1088
paper_eedf74a07d14,424
paper_eee7709567d4,92
paper_eef5215fe95a,12
paper_ef308a1e524d,18
paper_ef342fda0e83,357
paper_ef4cb51b88b4,8
paper_ef4d83d119ca,8
paper_ef60708656bd,13
paper_ef62eb086c78,932
paper_ef7bcfd8081e,3
paper_ef7eb94dcb63,107
paper_ef8ce3bccf5d,0
paper_ef9f6089b945,4
paper_efd18dc78a6f,650
paper_eff7ffb18925,661
paper_eff8c04decdc,0
paper_f00041338b4d,6
paper_f010ade88451,4
paper_f026991cdacf,3
paper_f05bdc1c23b7,27
paper_f07071fd1848,377
paper_f088cb2ec234,13
paper_f0b691db9dc8,138
paper_f0bb5e5c6c10,1089
paper_f0cd1131abf1,23
paper_f0cfefff03c3,7
paper_f1013a9a141b,239
paper_f10b564229cc,27
paper_f11b3cebc6bc,0
paper_f160cf22958a,678
paper_f16ae896cc04,483
paper_f16fe04cbcd5,529
paper_f17151415d9c,5
paper_f17818c4fdbc,9
paper_f1786040c24a,267
paper_f18c1fd886f5,22
paper_f1d5592d24fc,663
paper_f1e47f8ef06a,1061
paper_f211ab1cfa19,539
paper_f22afb916741,4
paper_f2433ee6c602,20
paper_f24e26b4f4b6,97
paper_f279b5737e54,6
paper_f27ee1b658b7,467
paper_f2936e3cf182,3
paper_f29bda86335d,3
paper_f2d1e3c95d23,3
paper_f31e12f19fcc,302
paper_f32a7920b42a,8
paper_f331eafb4eb4,436
paper_f339f7038dae,2
paper_f35981314ecc,12
paper_f36ade2406ac,16
paper_f376dd8c02b9,309
paper_f376de6e9191,0
paper_f39d03e64186,60
paper_f3a0fadc6a71,12
paper_f3aff50e6f77,19
paper_f3cfec9f939c,421
paper_f3e5f27eff9c,10
paper_f3ed1231f479,752
paper_f3fbbf41abec,499
paper_f3fd8ec5240c,544
paper_f40ec1a68b84,77
paper_f42baf0be89a,158
paper_f4359d558c0d,1000
paper_f47a2ba21b87,0
paper_f47d28ea0da5,7
paper_f4a83f3e2769,11
paper_f4e10d5d61c1,287
paper_f4e89be00451,6
paper_f4f1004e1e1b,10
paper_f4ffa36bf40b,1195
paper_f509e768df88,1198
paper_f511c8c1f934,3
paper_f51c917321a3,110
paper_f5210f545d0e,9
paper_f5313c298a13,787
paper_f53afc4037bb,0
paper_f57d7c02f619,1181
paper_f5d0ccd8b0c7,18
paper_f5f807bfecf9,975
paper_f62b594f1682,903
paper_f64faf78baee,442
paper_f65616972a6a,162
paper_f6604554e3d7,464
paper_f66b919fb108,651
paper_f690d2a3048e,81
paper_f692385b70ba,751
paper_f693c745d55e,794
paper_f696c8a23293,0
paper_f6b2201c280b,1154
paper_f6b6358255c9,0
paper_f6ca5c7c5bf5,455
paper_f6d5c5c3da5b,907
paper_f6d5c6d5c954,6
paper_f6e7b2269df0,81
paper_f7180c3604ab,3
paper_f72c8b2190ad,1166
paper_f739fbf5c8c6,244
paper_f76d0cfc0a26,3
paper_f7a5af90489f,843
paper_f7b31a80d005,948
paper_f7b3b4ee3d9b,1170
paper_f7d5f7f38eb7,8
paper_f806b0a4c07a,259
paper_f810ad09149e,10
paper_f8126df85089,52
paper_f8362d434d37,68
paper_f846e0651f8c,8
paper_f8598c6adf4c,186
paper_f879dec2722a,904
paper_f89adaf613da,14
paper_f8ae401311dc,540
paper_f8b3ec9bd5b4,12
paper_f8bdde543668,19
paper_f8fa2bddb026,279
paper_f8fc2748ac86,0
paper_f97f3dd59a6f,919
paper_f9976da70288,78
paper_f9ac4092bfbf,4
paper_f9c23e89b1a7,5
paper_f9d2f5c7aef3,12
paper_f9e354b4cabf,610
paper_fa00da0f91ec,1
paper_fa17c28745cd,758
paper_fa19f14b031d,18
paper_fa1d7c5a9f30,739
paper_fa67c7daa8ae,585
paper_fa77cdd66e84,862
paper_fa9a61d176a5,2
paper_faa3b6a363ae,1205
paper_fb3edeceb59d,821
paper_fb59b44236ef,768
paper_fb6f5f6bb787,4
paper_fb7a000f1ee3,13
paper_fb89caa36b79,1162
paper_fb98ccd2353c,1143
paper_fba93aa21f67,1
paper_fbaa85e545f0,24
paper_fbbe87072bdb,12
paper_fbce946bb791,1
paper_fbea901452a8,5
paper_fbf5525a6b10,1
paper_fc06e2d40f48,5
paper_fc196cef72b8,1004
paper_fc395fcc961a,114
paper_fc3e0dde41c6,6
paper_fc64bc9f2fee,930
paper_fc8499eb823c,8
paper_fc992c41189b,538
paper_fcbd4cf6f365,12
paper_fcd032f9d2ed,1018
paper_fcdb891ff48b,9
paper_fceac6f8fdc9,416
paper_fd016eb47902,319
paper_fd2813d61716,430
paper_fd37d1a561b2,16
paper_fd3a71e4d73b,8
paper_fd642b874a58,927
paper_fd8994e5f69a,380
paper_fd9d2394052c,459
paper_fdb785b88d5d,878
paper_fdc3343414dd,14
paper_fde22664ebd8,20
paper_fde64df8d4aa,4
paper_fe0c03adf856,408
paper_fe288c63b350,15
paper_fe39d1eaf07b,3
paper_fe7e7938e683,1
paper_fe95cdf3595e,7
paper_fe9773188a59,0
paper_fea0cb483431,14
paper_feaaa4b7e713,7
paper_fed73516a4dc,0
paper_fef45fa00662,0
paper_ff2112d16a5f,1
paper_ff3cc0645d8e,8
paper_ff5334b64b9c,19
paper_ff5f6bbcf3ab,1
paper_ff6a30f08b4d,536
paper_ff702f7e054b,228
paper_ff8a436cb857,0
paper_ff99515f619e,8
paper_ff9ef52e0aa3,146
paper_ffacef238362,923
paper_ffb91b484feb,13
paper_ffc15d145492,2
paper_ffd58123b694,45
paper_ffe16c993807,496
paper_ffe749844810,6
paper_ffea10f477d9,17
